INSERT INTO Prodotto(nome, tipo, descrizione, prezzo, quantita, inserimento) VALUES 
    ("HALO 5 XBOX ONE", "Videogame", "Quando il grande eroe dell'umanità sITpare, il ITpito di cercare Master Chief e di risolvere un mistero che minaccia l'intera galassia viene assegnato a uno nuovo Spartan ", 24.60, 10, '2021-12-25'),
    ("Fifa 22 Standard - Nintendo Switch", "Videogame", "Includerà nuove ITpetizioni, ITpresa la UEFA Europa Conference League, e una selezione dei più famosi stadi del mondo rifletterà gli eventi del mondo reale attraverso un serie di campagne FUT durante la stagione", 34.99, 5, '2021-10-30'),
    ("Mario Kart 8 Deluxe - Nintendo Switch", "Videogame", "Con Nintendo Switch, i fan potranno godersi la versione definitiva di Mario Kart 8 dove e quando vogliono. Tutti i tuoi personaggi e circuiti preferiti della versione per Wii U fanno il loro ritorno, .", 50.00, 20, '2020-5-12'),
    ("God of War Hits - PlayStation 4", "Videogame", "Dopo la sua vendetta contro gli dei dell'Olimpo, Kratos ora vive nel regno degli dei e dei mostri nordici. In questo mondo spietatamente duro, non deve solo ITbattere per sopravvivere, ma anche insegnare a suo figlio ITe sopravvivere ", 18.81, 2, '2021-4-25'),
    ("One Piece - World Seeker", "Videogame", "videogioco per ps4", 19.99, 12, '2021-8-25'),
    ("Gran Turismo 7", "Videogame", "acquista, metti a punto e gareggia nel corso dell'appagante campagna per giocatore singolo man mano che sblocchi nuove auto e sfide", 55.08, 65, '2021-2-12'),
    ("Need for Speed", "Videogame", "Ogni personaggio deve affrontare gare, missioni e sfide Vivi un'avventura action-driving Trova veicoli abbandonati sparsi per il mondo ", 19.99, 32, '2021-1-17'),
    ("FAST & Furious", "Videogame", "Fast & furious crossroads è un gioco d'azione ambientato nell’universo narrativo di fast&furious.Con la sua classica trama e tutti gli eroi, i gadget, le macchine e l’azione adrenalinica tipica della serie, fast & furious crossroads assicurerà un gameplay esaltante", 18.99, 6, '2023-5-7'),
    ("Nintendo Switch", "Console", "Nintendo Switch display: LCD, Dimensioni schermo: 15,8 cm (6.2), Risoluzione del display: 1280 x 720 Pixel. memoria integrata: 32 GB", 300.50, 64, '2020-7-6'),
    ("PlayStation 4", "Console", "Console PS4 nera da 1TB di memoria - slim D chassis Contiene 2 Dualshock Ps4 V2", 150.20, 1, '2020-1-5'),
    ("Xbox Series S + Forza Horizon 5", "Console", "Arriva la nuova Xbox Series S, la console Xbox più piccola ed elegante di sempre. Prova la velocità e le prestazioni di ultima generazione di una console all-digital ad un prezzo straordinario", 376.00, 30, '2020-7-6'),
    ("Lenovo Pc portatile notebook", "Computer", "Display HD da 15,6, Cpu Intel N4020, Ram 4Gb, Ssd m2 256Gb, windows 11 pro, dad & smart working edition, Computer portatile pronto all'uso + mouse ", 278.00, 15, '2019-8-7'),
    ("Logitech B100", "Computer", "Mouse USB Cablato, 3 Pulsanti, Rilevamento Ottico, Ambidestro, PC / Mac / Laptop/Chromebook - Nero", 5, 3, '2019-7-6'),
    ("Logitech K120", "Computer", " Tastiera Cablata Business Per Windows, Linux, USB, Tasti Silenziosi,Nero ", 15, 65, '2018-3-14'),
    ("CORE I3-10100F", "Computer", "Marchio Intel Produttore CPU 	BX8070110100F Modello CPU 	Intel Core i3 Wattaggio 	65 watt Numero di processori 	4", 75, 5, '2014-8-7'),
    ("Intel Core G6400", "Computer", "Wattaggio 	58 watt Numero di processori 	1", 20.43, 70, '2021-8-6'),
    ("ASUS TUF Gaming NVIDIA GeForce 3060", "Computer", "Scheda Grafica, 12 GB GDDR6, PCIe 4.0, HDMI 2.1, DisplayPort 1.4a, PSU Consigliata 750W", 320.75, 10, '2021-8-7'),
    ("ASUS GF GT730", "Computer", "SL-2GD5-BRK NVIDIA GeForce GT 730 2GB, Nero ", 80.30, 300, '2019-5-2'),
    ("GeForce GTX 1650", "Computer", "Scheda Grafica, 4 GB GDDR6, PCIe 3.0, HDMI, DisplayPort, Resistente Alla Polvere IPX5, Ventola Con Doppi Cuscinetti a Sfera e Design Axial-Tech, Nero ", 135.6, 20, '2017-9-7'),
    ("Quadro P400", "Computer", "Scheda grafica professionale 2GB GDDR5 PCI Express 3.0 x16, slot singolo, 3x Mini-DisplayPort, supporto 5K, ventola attiva ultrasilenziosa ", 150, 3, '2021-8-6'),
    ("GeForce RTX 3070 Ti", "Computer", "Scheda Grafica, 8 GB GDDR6X, PCIe 4.0, 2 HDMI 2.1, 3 DisplayPort 1.4a, OpenGL 4.6, Overclock, Tre Ventole, PSU Consigliata 750W, GPU Tweak II, Nero ", 886.23, 120, '2021-8-6'),
    ("GeForce GTX 1050", "Computer", " 4 GB di memoria GDDR5 128 Bit scheda grafica PCI Express 3 HDMI/DP/DVI, GV-N105TD5-4GD, colore: nero ", 100.30, 3, '2021-8-7'),
    ("AMD CPU Ryzen 5 5600G", "Computer", "Wattaggio 	65 watt Numero di processori 	6", 240.20, 35, '2020-7-5'),
    ("Ryzen 9 5900X", "Computer", "12C/24T, 70 MB di cache, fino a 4,8 GHz Max Boost", 387.35, 32, '2014-2-3'),
    ("Corsair Vengeance 2x16gb", "Computer", "RGB PRO DDR4-RAM 3600 MHz 2x 8GB Memoria, Nero ", 91.98, 2, '2021-4-8'),
    ("ASUS ROG Strix X570-F", "Computer", "ASUS ROG Strix X570-F Gaming Scheda Madre AMD X570 ATX con PCIe 4.0, Intel Gigabit Ethernet, 14 Fasi di Alimentazione, 2 M.2 con Dissipatori, SATA 6Gb/s", 320.2, 65, '2023-9-7'),
    ("Samsung Memorie 970", "Computer", "EVO Plus SSD Interno Da 500GB, Nero, 8.15 x 2.21 x 0.2 Cm ", 65.62, 32, '2023-4-20'),
    ("KEXIN Extreme SSD 120GB", "Computer", "Portatile USB 3.1 Unità a Stato Solido Esterne USB C Disco Rigido Tipo C Memoria flash USB per PC, Mac, Latop, Desktop, Tablet, PS4 Xbox One, Smart TV, Console, Nero", 39.35, 20, '2020-8-30'),
    ("ASUS PRIME B550-PLUS", "Computer", "Scheda madre ATX AMD B550 (Ryzen AM4), PCIe 4.0, doppio M.2, 1 Gb Lan, HDMI, DP, SATA 6 Gbps, USB 3.2 Gen 2 Type-A e Type-C,", 120.23, 6, '2023-4-21'),
    ("Msi Mpg X570 Gaming Plus", "Computer", "Il socket am4 per la terza generazione di AMD Ryzen 9, Ryzen7, Ryzen 5, massimizza connettività e velocità grazie allo slot lightning m.2, pcie 4.0, USB 3.2 gen2 e supporto fino a 128gb di ddr4 (4400mh) ", 152.99, 3, '2021-8-6'),
    ("Crucial MX500 4tb", "Computer", "Letture e scritture sequenziali fino a 560/510 MB/s su tutti i tipi di file; letture e scritture casuali fino a 95k/90k su tutti i tipi di file ", 58.65, 10, '2024-8-7'),
    ("Sandisk Ultra 3D Da 500 Gb", "Computer", "Ottenete fino a 560 MB/s di velocità di lettura sequenziale (550 MB/s per 250 GB), per un avvio più rapido e prestazioni di sistema ITplessivamente migliori. ", 66.35, 20, '2023-4-6'),
    ("SEAGATE ST2000DM008 BARRACUDA", "Computer", "Ideale per archiviazione desktop, archiviazione all-in-one, server domestici, dispositivi DAS ", 30.21, 100, '2021-7-6'),
    ("WD Blue 2Tb SATA 6Gb/s", "Computer", "5400 giri al minuto", 30.20, 25, '2024-6-5'),
    ("WD Red 4 TB 3.5 NAS", "Computer", "upporta livelli di carico di lavoro fino a 180 TB/anno; il livello di carico di lavoro viene annualizzato, tempi di trasferimento TB, 8760/ore di accensione registrate; i livelli di carico di lavoro possono variare a seconda dei ITponenti e delle configurazioni hardware e software ", 130.00, 20, '2020-4-12'),
    ("Samsung Lavatrice 7kg", "Elettrodomestici", "La tecnologia Ecolavaggio garantisce un ottimo pulito, anche a basse temperature; il detergente viene trasformato in bolle che penetrano nei tessuti e rimuovono facilmente lo sporco, proteggendo colori e materiali e risparmiando energia ", 400, 100, '2020-12-7'),
    ("Innsky Friggitrice ad aria 10 Litri", "Elettrodomestici", " Il forno friggitrice ad aria 10L Innsky utilizzano una nuova tecnologia che forma UN rapido flusso di calore a vortice mediante il funzionamento interno delle ventole e UN ciclo di aria calda a 360° per cucinare gli alimenti ", 156.21, 20, '2021-10-7'),
    ("Moulinex Fresh Express", "Elettrodomestici", "Affettatutto Grattugia Elettrico, 5 Funzioni di Taglio, 200 W, 1 Liter, 1 Decibel, plastica, Rosso ", 21.20, 20, '2021-5-7'),
    ("Bosch Frigo-congelatore ITbinato", "Elettrodomestici", "I sensori FreshSense monitorano e controllano costantemente le condizioni di temperatura del frigorifero e dell'ambiente, mantenendo una temperatura costante nelle due cavità. ", 431.20, 15, '2020-4-12'),
    ("Forno Elettrico da Incasso", "Elettrodomestici", "Ventilato, Capacità 65 Litri, Funzione Grill e Pizza, 8 Programmi, 59.5x59.5x56.8, Acciaio Inossidabile e Vetro,Nero, Classe A+ ", 204.20, 32, '2021-11-21'),
    ("CANDY Lavastoviglie", "Elettrodomestici", "     Questo prodotto è esente dalla nuova classificazione energetica in quanto ha cessato di essere prodotto e ITmercializzato prima di novembre 2020.", 248.70, 21, '2024-6-7'),
    ("Asciugatrice Perfect Care 700", "Elettrodomestici", " Gentlecare system: grazie alla pompa di calore, asciuga i tuoi capi a temperature dimezzate rispetto alle asciugatrici tradizionali Tecnologia sensicare: regola il ciclo di lavaggio in base al carico, riducendo tempo, usura e consumi di acqua ed energia ", 510.54, 98, '2020-4-7'),
    ("DCG SD8469 Asciugatrice Centrifuga", "Elettrodomestici", "Portatile Salvaspazio, Asciugapanni Silenziosa, Capacità 6 Kg, 3200 Giri/Min ", 243.78, 98, '2021-4-7'),
    ("Asciugatrice 8 Kg Classe B", "Elettrodomestici", "Condensazione 58 cm CSE C8LF-S", 123.76, 54, '2020-7-6'),
    ("Impastatrice Planetaria 1500W", "Elettrodomestici", "DUREVOLE E ITPATTO】Forte impastatrice planetaria con motore in rame puro da 1500W e robusto alloggiamento in ABS  ", 354.45, 345, '2020-4-9'),
    ("Caricabatteria da auto Dual USB 4.8A", "Altro", "Voltmetro digitale colorato e interruttore: ITe un caricabatterie intelligente USB per auto, è con display colorato di tensione e avviso di alta tensione", 13.76, 23, '2020-7-5'),
    ("Pulitore A Vapore Portatile", "Altro", "Riscaldamento rapido e pulizia potente: il nostro pulitore a vapore si riscalda rapidamente in 3 minuti. Il vapore ad alta pressione ti aiuterà a sciogliere le macchie di olio ostinate e lo sporco. ", 53.65, 87, '2019-9-8'),
    ("65W USB C Charger", "Altro", "Identificazione intelligente】: equipaggia una porta di ricarica USB 18W QC 3.0, 20W USB C Charger port e quattro porte USB 5V2.4A(Max), supporta per caricare diversi dispositivi contemporaneamente rapidamente.", 7.24, 56, '2019-7-5');

INSERT INTO Utente(nome, cognome, email, password, tipo, indirizzo) VALUES
    ("GIOACCHINO","TORTORELLI","G.TORTORELLI@ADMIN.IT","dG9ydG9yZWxsaQ==",  "admin", "Via ACaso 10"),
    ("GIOVANNI","CASCONE","G.CASCONE@ADMIN.IT","Y2FzY29uZQ==",  "admin", "Via ACaso 10"),
    ("GIUSEPPE","DE ROSA","G.DEROSA@ADMIN.IT","ZGVyb3Nh",  "admin", "Via ACaso 10"),
    ("GIOACCHINO","TORTORELLI","G.TORTORELLI@USER.IT","dG9ydG9yZWxsaQ==",  "user", "Via ACaso 10"),
    ("GIOVANNI","CASCONE","G.CASCONE@USER.IT","Y2FzY29uZQ==",  "user", "Via ACaso 10"),
    ("GIUSEPPE","DE ROSA","G.DEROSA80@USER.IT","ZGVyb3Nh",  "user", "Via ACaso 10"),
    ("Caterina","Scarlatti","c.scarletti@USER.IT","c2NhcmxldHRp",  "user", "Via ACaso 10"),
    ("Biagio","Soranzo","b.soranzo@USER.IT","U29yYW56bw==",  "user", "Via ACaso 10"),
    ("Raffaella","Sansoni","r.sansoni@USER.IT","U2Fuc29uaQ==",  "user","Via ACaso 10"),
    ("Nina","Mastroianni","n.mastroianni@USER.IT","TWFzdHJvaWFubmk=",  "user", "Via ACaso 10"),
    ("Giampiero","Pennetta","g.pennetta@USER.IT","UGVubmV0dGE=",  "user", "Via ACaso 10"),
    ("Ezio","Montanari","e.montanari@USER.IT","TW9udGFuYXJp",  "user", "Via ACaso 10"),
    ("Loretta","Trupiano","l.trupiano@USER.IT","VHJ1cGlhbm8=",  "user", "Via ACaso 10"),
    ("Piergiuseppe","Gibilisco","p.gibilisco@USER.IT","R2liaWxpc2Nv",  "user", "Via ACaso 10"),
    ("Mauro","Giulietti","m.giulietti@USER.IT","R2l1bGlldHRp",  "user", "Via ACaso 10"),
    ("Giulio","Sorrentino","g.sorrentino@USER.IT","U29ycmVudGlubw==",  "user", "Via ACaso 10"),
    ("Pierina","Pignatti","p.pignatti@USER.IT","UGlnbmF0dGk=",  "user", "Via ACaso 10"),
    ("Imelda","Schiavone","i.schiavone@USER.IT","U2NoaWF2b25l",  "user", "Via ACaso 10"),
    ("Rodolfo","Celentano","r.celentano@USER.IT","Q2VsZW50YW5v",  "user", "Via ACaso 10"),
    ("Adriano","Cesaroni","a.cesaroni@USER.IT","Q2VzYXJvbmk=",  "user", "Via ACaso 10"),
    ("Matteo","Ortolani","m.ortolani@USER.IT","T3J0b2xhbmk=",  "user", "Via ACaso 10"),
    ("Achille","Grisoni","a.grisoni@USER.IT","R3Jpc29uaQ==",  "user", "Via ACaso 10"),
    ("Lucia","Caccianemico","l.caccianemico@USER.IT","Q2FjY2lhbmVtaWNv",  "user", "Via ACaso 10"),
    ("Ennio","Dovara","e.dovara@USER.IT","RG92YXJh",  "user", "Via ACaso 10");

INSERT INTO Ordine(dataOrdine, dataConsegna, orarioOrdine, orarioConsegna, prodotto, prezzoProdotto, quantitaProdotto, ivaProdotto, utente, indirizzoSpedizione) VALUES
    ('2021-03-24', '2021-03-27', '13:23', '18:45', 2, 18.23, 1, 10, "G.TORTORELLI@USER.IT",   "caduti in guerra"),
    ('2021-03-24', '2021-03-27', '13:23', '18:45', 2, 18.23, 1, 10, "G.CASCONE@USER.IT",      "caduti in guerra"),
    ('2021-03-24', '2021-03-27', '13:23', '18:45', 2, 18.23, 1, 10, "G.DEROSA80@USER.IT",     "caduti in guerra"),
    ('2021-03-24', '2021-03-27', '13:23', '18:45', 2, 18.23, 1, 10, "G.TORTORELLI@USER.IT",   "caduti in guerra"),
    ('2021-03-24', '2021-03-27', '13:23', '18:45', 2, 18.23, 1, 10, "G.CASCONE@USER.IT",      "caduti in guerra"),
    ('2021-03-24', '2021-03-27', '13:23', '18:45', 2, 18.23, 1, 10, "G.DEROSA80@USER.IT",     "caduti in guerra"),
    ('2021-03-24', '2021-03-27', '13:23', '18:45', 2, 18.23, 1, 10, "G.TORTORELLI@USER.IT",   "caduti in guerra"),
    ('2021-03-24', '2021-03-27', '13:23', '18:45', 2, 18.23, 1, 10, "G.CASCONE@USER.IT",      "caduti in guerra"),
    ('2021-03-24', '2021-03-27', '13:23', '18:45', 2, 18.23, 1, 10, "G.DEROSA80@USER.IT",     "caduti in guerra"),
    ('2021-03-24', '2021-03-27', '13:23', '18:45', 2, 18.23, 1, 10, "c.scarletti@USER.IT",    "caduti in guerra"),
    ('2021-03-24', '2021-03-27', '13:23', '18:45', 2, 18.23, 1, 10, "b.soranzo@USER.IT",      "caduti in guerra"),
    ('2021-03-24', '2021-03-27', '13:23', '18:45', 2, 18.23, 1, 10, "r.sansoni@USER.IT",      "caduti in guerra"),
    ('2021-03-24', '2021-03-27', '13:23', '18:45', 2, 18.23, 1, 10, "n.mastroianni@USER.IT",  "caduti in guerra"),
    ('2021-03-24', '2021-03-27', '13:23', '18:45', 2, 18.23, 1, 10, "g.pennetta@USER.IT",     "caduti in guerra"),
    ('2021-03-24', '2021-03-27', '13:23', '18:45', 2, 18.23, 1, 10, "e.montanari@USER.IT",    "caduti in guerra"),
    ('2021-03-24', '2021-03-27', '13:23', '18:45', 2, 18.23, 1, 10, "l.trupiano@USER.IT",     "caduti in guerra"),
    ('2021-03-24', '2021-03-27', '13:23', '18:45', 2, 18.23, 1, 10, "p.gibilisco@USER.IT",    "caduti in guerra"),
    ('2021-03-24', '2021-03-27', '13:23', '18:45', 2, 18.23, 1, 10, "m.giulietti@USER.IT",    "caduti in guerra"),
    ('2021-03-24', '2021-03-27', '13:23', '18:45', 2, 18.23, 1, 10, "g.sorrentino@USER.IT",   "caduti in guerra"),
    ('2021-03-24', '2021-03-27', '13:23', '18:45', 2, 18.23, 1, 10, "p.pignatti@USER.IT",     "caduti in guerra"),
    ('2021-03-24', '2021-03-27', '13:23', '18:45', 2, 18.23, 1, 10, "i.schiavone@USER.IT",    "caduti in guerra"),
    ('2021-03-24', '2021-03-27', '13:23', '18:45', 2, 18.23, 1, 10, "r.celentano@USER.IT",    "caduti in guerra"),
    ('2021-03-24', '2021-03-27', '13:23', '18:45', 2, 18.23, 1, 10, "a.cesaroni@USER.IT",     "caduti in guerra"),
    ('2021-03-24', '2021-03-27', '13:23', '18:45', 2, 18.23, 1, 10, "m.ortolani@USER.IT",     "caduti in guerra"),
    ('2021-03-24', '2021-03-27', '13:23', '18:45', 2, 18.23, 1, 10, "a.grisoni@USER.IT",      "caduti in guerra"),
    ('2021-03-24', '2021-03-27', '13:23', '18:45', 2, 18.23, 1, 10, "l.caccianemico@USER.IT", "caduti in guerra"),
    ('2021-03-24', '2021-03-27', '13:23', '18:45', 2, 18.23, 1, 10, "e.dovara@USER.IT",       "caduti in guerra");

INSERT INTO Telefono(utente, numero) VALUES
    ("G.TORTORELLI@ADMIN.IT","3541777020"),
    ("G.CASCONE@ADMIN.IT","0987160808"),
    ("G.DEROSA@ADMIN.IT","0985817601"),
    ("G.TORTORELLI@USER.IT","3124924524"),
    ("G.CASCONE@USER.IT","0324219742"),
    ("G.DEROSA80@USER.IT","3342601454"),
    ("c.scarletti@USER.IT","0263663518"),
    ("b.soranzo@USER.IT","0388579738"),
    ("r.sansoni@USER.IT","0399991251"),
    ("n.mastroianni@USER.IT","3439787541"),
    ("g.pennetta@USER.IT","0398200945"),
    ("e.montanari@USER.IT","0601141185"),
    ("l.trupiano@USER.IT","0349277630"),
    ("p.gibilisco@USER.IT","3122974903"),
    ("m.giulietti@USER.IT","3429608626"),
    ("g.sorrentino@USER.IT","0323387201"),
    ("p.pignatti@USER.IT","0386286051"),
    ("i.schiavone@USER.IT","0845045665"),
    ("r.celentano@USER.IT","0936261037"),
    ("a.cesaroni@USER.IT","0259607381"),
    ("m.ortolani@USER.IT","3222712415"),
    ("a.grisoni@USER.IT","0815010888"),
    ("l.caccianemico@USER.IT", "0709287159"),
    ("e.dovara@USER.IT","0376425123");

INSERT INTO Recensione(testo, utente, prodotto, stelle) VALUES
    ("zappat a' vigna, jat a' favecia", "G.TORTORELLI@USER.IT",   1, 2),
    ("zappat a' vigna, jat a' favecia", "G.CASCONE@USER.IT",      1, 2),
    ("zappat a' vigna, jat a' favecia", "G.DEROSA80@USER.IT",     1, 2),
    ("zappat a' vigna, jat a' favecia", "G.TORTORELLI@USER.IT",   1, 2),
    ("zappat a' vigna, jat a' favecia", "G.CASCONE@USER.IT",      1, 2),
    ("zappat a' vigna, jat a' favecia", "G.DEROSA80@USER.IT",     1, 2),
    ("zappat a' vigna, jat a' favecia", "G.TORTORELLI@USER.IT",   1, 2),
    ("zappat a' vigna, jat a' favecia", "G.CASCONE@USER.IT",      1, 2),
    ("zappat a' vigna, jat a' favecia", "G.DEROSA80@USER.IT",     1, 2),
    ("zappat a' vigna, jat a' favecia", "G.TORTORELLI@USER.IT",   1, 2),
    ("zappat a' vigna, jat a' favecia", "G.CASCONE@USER.IT",      1, 2),
    ("zappat a' vigna, jat a' favecia", "G.DEROSA80@USER.IT",     1, 2),
    ("zappat a' vigna, jat a' favecia", "c.scarletti@USER.IT",    1, 2),
    ("zappat a' vigna, jat a' favecia", "b.soranzo@USER.IT",      1, 2),
    ("zappat a' vigna, jat a' favecia", "r.sansoni@USER.IT",      1, 2),
    ("zappat a' vigna, jat a' favecia", "n.mastroianni@USER.IT",  1, 2),
    ("zappat a' vigna, jat a' favecia", "g.pennetta@USER.IT",     1, 2),
    ("zappat a' vigna, jat a' favecia", "e.montanari@USER.IT",    1, 2),
    ("zappat a' vigna, jat a' favecia", "l.trupiano@USER.IT",     1, 2),
    ("zappat a' vigna, jat a' favecia", "p.gibilisco@USER.IT",    1, 2),
    ("zappat a' vigna, jat a' favecia", "m.giulietti@USER.IT",    1, 2),
    ("zappat a' vigna, jat a' favecia", "g.sorrentino@USER.IT",   1, 2),
    ("zappat a' vigna, jat a' favecia", "p.pignatti@USER.IT",     1, 2),
    ("zappat a' vigna, jat a' favecia", "i.schiavone@USER.IT",    1, 2),
    ("zappat a' vigna, jat a' favecia", "r.celentano@USER.IT",    1, 2),
    ("zappat a' vigna, jat a' favecia", "a.cesaroni@USER.IT",     1, 2),
    ("zappat a' vigna, jat a' favecia", "m.ortolani@USER.IT",     1, 2),
    ("zappat a' vigna, jat a' favecia", "a.grisoni@USER.IT",      1, 2),
    ("zappat a' vigna, jat a' favecia", "l.caccianemico@USER.IT", 1, 2),
    ("zappat a' vigna, jat a' favecia", "e.dovara@USER.IT",       1, 2);